Mohamed132002,123465
Mohamed132003,123466
Mohamed132004,123467
Mohamed132005,123468
Mohamed132006,123469
Mohamed132007,123470
Mohamed132008,123471
Mohamed132009,123472
Mohamed132010,123473
Mohamed132011,123474
Mohamed132012,123475
Mohamed132013,123476
Mohamed132014,123477
Mohamed132015,123478
Mohamed132016,123479
Mohamed132017,123480
Mohamed132018,123481
Mohamed132019,123482
Mohamed132020,123483
Mohamed132021,123484
Mohamed132022,123485
Mohamed132023,123486
Mohamed132024,123487
Mohamed132025,123488
Mohamed132026,123489
Mohamed132027,123490
Mohamed132028,123491
Mohamed132029,123492
Mohamed132030,123493
Mohamed132031,123494
Mohamed132032,123495
Mohamed132033,123496
Mohamed132034,123497
Mohamed132035,123498
Mohamed132036,123499
Mohamed132037,123500
Mohamed132038,123501
Mohamed132039,123502
Mohamed132040,123503
Mohamed132041,123504
Mohamed132042,123505
Mohamed132043,123506
Mohamed132044,123507
Mohamed132045,123508
Mohamed132046,123509
Mohamed132047,123510
Mohamed132048,123511
Mohamed132049,123512
Mohamed132050,123513
Mohamed132051,123514
Mohamed132052,123515
Mohamed132053,123516
Mohamed132054,123517
Mohamed132055,123518
Mohamed132056,123519
Mohamed132057,123520
Mohamed132058,123521
Mohamed132059,123522
Mohamed132060,123523
Mohamed132061,123524
Mohamed132062,123525
Mohamed132063,123526
Mohamed132064,123527
Mohamed132065,123528
Mohamed132066,123529
Mohamed132067,123530
Mohamed132068,123531
Mohamed132069,123532
Mohamed132070,123533
Mohamed132071,123534
Mohamed132072,123535
Mohamed132073,123536
Mohamed132074,123537
Mohamed132075,123538
Mohamed132076,123539
Mohamed132077,123540
Mohamed132078,123541
Mohamed132079,123542
Mohamed132080,123543
Mohamed132081,123544
Mohamed132082,123545
Mohamed132083,123546
Mohamed132084,123547
Mohamed132085,123548
Mohamed132086,123549
Mohamed132087,123550
Mohamed132088,123551
Mohamed132089,123552
Mohamed132090,123553
Mohamed132091,123554
Mohamed132092,123555
Mohamed132093,123556
Mohamed132094,123557
Mohamed132095,123558
Mohamed132096,123559
Mohamed132097,123560
Mohamed132098,123561
Mohamed132099,123562
Mohamed132100,123563
Mohamed132101,123564
